id,post_id,page_name,text,timestamp,likes,comments_count,shares,views,reactions_like,reactions_love,reactions_haha,reactions_wow,reactions_sad,reactions_angry,post_url,media_type,scraped_at
1,aa4bc014edb03043a510707e6e900b39,official_page,Patience Anima Addo,,0,0,0,0,0,0,0,0,0,0,https://www.facebook.com/eddyspizzaghana/posts/pfbid02bDRYZVJ9Yp6vAKzfhp7yVyfgLX5yXgmFghdZZnVSRgS4Jh18JN43znrP3wakT5Yhl?comment_id=3373715939576153&__cft__[0]=AZZ_O7c3Satcg0pF5bKqpNg7fDtTlUY0uNgIO0seEGsKS9wS5agYeaOkTUNvc5CSa-LMrZPxcgK1mK3K9gsSUyRN0FP_W8zY9YzMNQ6w4BsbPJ4sY36KBTkgOZsbP-ye8wusHClZ-32EbA2vhjr-1ZzFqhGNX18jALzUx7vXabqzMm-bhEcDKEwxYR_D18gWiMY&__tn__=R-R,text,2026-03-13T18:05:38.295256
2,c4b98d26ef804f000b0412995fefaf90,search_top,"Pizza place · 70% recommend · ££ · 10.7 km · East Legon Eddys Pizza, East Legon, Ghana · Open now",,0,0,0,0,0,0,0,0,0,0,,text,2026-03-13T18:07:18.099294
3,ba3b119ff0d6d88bb1c4967582bae190,search_top,Ghana's Pizza Production,,0,0,0,0,0,0,0,0,0,0,,text,2026-03-13T18:07:18.103029
4,43d794133880b92be4460da228dbfb12,MINI PIZZA ft NANA’s SHITO ♥️If you need nana’s Shito kindly WhatsApp or Call 0551193561 Website www.nanashito.com Amazon https://a.co/d/9lPp3yJ,MINI PIZZA ft NANA’s SHITO ♥️If you need nana’s Shito kindly WhatsApp or Call 0551193561 Website www.nanashito.com Amazon https://a.co/d/9lPp3yJ,,0,0,0,0,0,0,0,0,0,0,,image,2026-03-13T18:07:55.307976
5,9151e707888baef4c8852cbaac84ceba,Join me to Eat Ghana 🇬🇭 pizza for the first time🙂‍↔️ #fypシ #foryouシ #ghana #travelwithme #viral #pizza,Join me to Eat Ghana 🇬🇭 pizza for the first time🙂‍↔️ #fypシ #foryouシ #ghana #travelwithme #viral #pizza,,0,0,0,0,0,0,0,0,0,0,,image,2026-03-13T18:07:55.310179
6,bdc134706faf688d0e59f5afbd54a840,90 Ghana,RK Special Pizza,,0,0,0,90,0,0,0,0,0,0,,image,2026-03-13T18:07:55.311228
7,8153ef0ee019b32c5e8c3f71a6ad636b,Easy bread pizza 🍕 Ingredients: Bread slices Ketchup (or pizza sauce) Grated mozzarella Green bell pepper Red bell pepper Sweet corn Chicken #pizza #homemadepizza #easyrecipe #fyp #reels #viral #lagos #lekki #lagosnigeria #abuja #ikeja #ibadan #portharcourt #kano #kaduna #enugu #naija #nigeria #africa #ghana #tundeednut #instablog #davido #nollywood #explore #explorepage #reelsviral #homemadepizza,Easy bread pizza 🍕 Ingredients: Bread slices Ketchup (or pizza sauce) Grated mozzarella Green bell pepper Red bell pepper Sweet corn Chicken #pizza #homemadepizza #easyrecipe #fyp #reels #viral #lagos #lekki #lagosnigeria #abuja #ikeja #ibadan #portharcourt #kano #kaduna #enugu #naija #nigeria #africa #ghana #tundeednut #instablog #davido #nollywood #explore #explorepage #reelsviral #homemadepizza,,0,0,0,0,0,0,0,0,0,0,,image,2026-03-13T18:07:55.312050
8,c7fe9a79a3f47cfbcbb8ae124171f89d,We’re here to announce to our amazing customers that Easter promo on any of our products will be lit 🔥🕺🏿💃🏽 @binnaparlour pizza where hospitality get levels 🍕🌯🌮🥳😋 #ghana #accra #trending #viral #fyp #hospitality #pizza #promo #igboamaka #viralvideos #crypto #bitcoin,We’re here to announce to our amazing customers that Easter promo on any of our products will be lit 🔥🕺🏿💃🏽 @binnaparlour pizza where hospitality get levels 🍕🌯🌮🥳😋 #ghana #accra #trending #viral #fyp #hospitality #pizza #promo #igboamaka #viralvideos #crypto #bitcoin,,0,0,0,0,0,0,0,0,0,0,,image,2026-03-13T18:07:55.313099
9,562ac24ef261af355040e68a83823f4b,We live in a country where Eddy's pizza even arrives on time than fire service.... Oohh Ghana😭😭😭😭😭😭,We live in a country where Eddy's pizza even arrives on time than fire service.... Oohh Ghana😭😭😭😭😭😭,,0,0,0,0,0,0,0,0,0,0,https://www.facebook.com/kamal.dansani/videos/10155445269070412/,image,2026-03-13T18:07:55.313854
10,d1aa3b27399a5e017b9c24c86e832f53,"The promo is still on! Grab a delicious box of your favorite pizza at any of our branches and get a box for free! We’re ready! Call for delivery 🛵 service around you.... Call: 📞0243927019 Find Eddy's at: *Ring Road, 66 Ring Road Central, Accra *Eddy's Pizza Osu Branch *Eddy's Pizza Dansoman Branch Dansoman High St, Sahara Junction *Eddy's Pizza Adenta Branch Bond's Square, Adenta Barrier *Eddy's Pizza Spintex Branch Sakumono, Opposite Ecobank Sakumono *Eddy's Pizza Kasoa Branch Second bus stop, Kasoa *Eddy's Pizza Haatso Branch 416 Agbogba - Ashongman Rd, Accra *Eddy's Pizza Lapaz Branch Opposite MyBet Africa Shop, Lapaz *Eddy's Pizza East Legon Branch Above Compu Ghana, American House Junction... *Eddy's Pizza Ashaiman Branch *Eddy's Pizza Afienya Branch Afienya, Tema Close to Life International Church Calvary Chapel *Eddy's Pizza Kwashieman Branch On the Kwashieman - Santa Maria Road Close to PCG Trinity Congregation *Eddy's pizza Tema branch *Other Branches..... #promoday #buyandgetonefree#eddyspizzaofficial🍕🍕","The promo is still on! Grab a delicious box of your favorite pizza at any of our branches and get a box for free! We’re ready! Call for delivery 🛵 service around you.... Call: 📞0243927019 Find Eddy's at: *Ring Road, 66 Ring Road Central, Accra *Eddy's Pizza Osu Branch *Eddy's Pizza Dansoman Branch Dansoman High St, Sahara Junction *Eddy's Pizza Adenta Branch Bond's Square, Adenta Barrier *Eddy's Pizza Spintex Branch Sakumono, Opposite Ecobank Sakumono *Eddy's Pizza Kasoa Branch Second bus stop, Kasoa *Eddy's Pizza Haatso Branch 416 Agbogba - Ashongman Rd, Accra *Eddy's Pizza Lapaz Branch Opposite MyBet Africa Shop, Lapaz *Eddy's Pizza East Legon Branch Above Compu Ghana, American House Junction... *Eddy's Pizza Ashaiman Branch *Eddy's Pizza Afienya Branch Afienya, Tema Close to Life International Church Calvary Chapel *Eddy's Pizza Kwashieman Branch On the Kwashieman - Santa Maria Road Close to PCG Trinity Congregation *Eddy's pizza Tema branch *Other Branches..... #promoday #buyandgetonefree#eddyspizzaofficial🍕🍕",,0,0,0,0,0,0,0,0,0,0,https://www.facebook.com/reel/684174569450758/,image,2026-03-13T18:07:55.314631
11,c5cdaf9b57e7f5f6fde033a2adc4f893,Eddy's pizza,Celebrate Accra mall’s Foodie month at Eddys pizza.🍕🥤🍔🥪🥗 Visit our cozy restaurant with tasty food and drinks that will delight you at cost-efficient rates. Call Now 0503114666 to place your order now #accramall #foodiemonth #eddyspizza,,0,0,0,0,0,0,0,0,0,0,,image,2026-03-13T18:07:55.315703
12,d71bd05549ce4cd357e1370a401c9f6a,"🇬🇭✨Taste the difference in every slice 😋🍕 🔥🍕 BUY & GET ONE FREE! 🍕🔥 Every Tuesday & Wednesday at Eddy’s Pizza 🎉 This March in Ghana, don’t miss out on the most irresistible deal in town 🇬🇭🍕✨ 👉 Order online: www.eddyspizza.com 👉 WhatsApp: https://wa.me/233274235652 👉 Call: 056 111 1153 #EddysPizza #Buy1Get1Free #PizzaLoversGH #AccraEats #GhanaDeals #MarchInGhana #TasteTheDifference 🍕🔥","🇬🇭✨Taste the difference in every slice 😋🍕 🔥🍕 BUY & GET ONE FREE! 🍕🔥 Every Tuesday & Wednesday at Eddy’s Pizza 🎉 This March in Ghana, don’t miss out on the most irresistible deal in town 🇬🇭🍕✨ 👉 Order online: www.eddyspizza.com 👉 WhatsApp: https://wa.me/233274235652 👉 Call: 056 111 1153 #EddysPizza #Buy1Get1Free #PizzaLoversGH #AccraEats #GhanaDeals #MarchInGhana #TasteTheDifference 🍕🔥",,0,0,0,0,0,0,0,0,0,0,https://www.facebook.com/reel/1407460323978949/,image,2026-03-13T18:07:55.317065
13,e5f391542b52435bf105b1c7d33d0485,Homemade pizza 🍕 Afenhyia Pa!,Homemade pizza 🍕 Afenhyia Pa!,,0,0,0,0,0,0,0,0,0,0,,image,2026-03-13T18:07:55.317970
14,b0d29bb53d06c0564076dbc80a7df71e,Food battles- Papa's Pizza vs Eddy's Pizza - Taste Tales Show,Food battles- Papa's Pizza vs Eddy's Pizza - Taste Tales Show,,0,0,0,0,0,0,0,0,0,0,,image,2026-03-13T18:07:55.318910
15,30bf52de5e95f511138d42260e24dcd7,Cake Fest 2025 🎂 @buttercreamqueen_ghana @dj_ernie_ @cocktails_ghana @abisfoodlab @mc__dela @mckofidalinton @eddy_acquah @officialokokobioko @1mr_wazza #cakefest #afterparty,Cake Fest 2025 🎂 @buttercreamqueen_ghana @dj_ernie_ @cocktails_ghana @abisfoodlab @mc__dela @mckofidalinton @eddy_acquah @officialokokobioko @1mr_wazza #cakefest #afterparty,,0,0,0,0,0,0,0,0,0,0,,image,2026-03-13T18:07:55.320311
16,91e87cfc865a06fce75273695eab4ae9,Christmas no be only rice 😌🍕 Eddy's Pizza🍕 made sure the kids in my hood chopped good and smiled harder. Blessed season 🎄❤️ #fyp #ghanatiktok🇬🇭 #viral #pizza #trendingreelsvideo,Christmas no be only rice 😌🍕 Eddy's Pizza🍕 made sure the kids in my hood chopped good and smiled harder. Blessed season 🎄❤️ #fyp #ghanatiktok🇬🇭 #viral #pizza #trendingreelsvideo,,0,0,0,0,0,0,0,0,0,0,,image,2026-03-13T18:07:55.321158
17,508229f92b3d5108c38e101079f487f1,East Legon has gathered and Ghana must watch. Welcome to the annual New Year’s all white party of the Lindsay’s. Yes you’ve heard the name before. Mr Lindsay is the Chancellor of the Cape Coast Technical University and this evening he is hosting all of us. Stay with us the party is just getting started. Content creators: @osei_douglas_live @eventbuzzgh @weloveghanaweddings Cocktails: @honeyandsuchrefreshments Mc: @eddy_acquah Dj: @peekayaudio #newyearsparty #allwhiteparty #thelindsays,East Legon has gathered and Ghana must watch. Welcome to the annual New Year’s all white party of the Lindsay’s. Yes you’ve heard the name before. Mr Lindsay is the Chancellor of the Cape Coast Technical University and this evening he is hosting all of us. Stay with us the party is just getting started. Content creators: @osei_douglas_live @eventbuzzgh @weloveghanaweddings Cocktails: @honeyandsuchrefreshments Mc: @eddy_acquah Dj: @peekayaudio #newyearsparty #allwhiteparty #thelindsays,,0,0,0,0,0,0,0,0,0,0,,image,2026-03-13T18:07:55.321913
18,132708122700000f8ab339ff69674648,"Ghanaian actress Maame Serwaa spotted at Papa’s Pizza, North Legon, ahead of a new film production contract signing. #tednewsgh #ghana #viral #accra #movie #actress","Ghanaian actress Maame Serwaa spotted at Papa’s Pizza, North Legon, ahead of a new film production contract signing. #tednewsgh #ghana #viral #accra #movie #actress",,0,0,0,0,0,0,0,0,0,0,,image,2026-03-13T18:07:55.322876
19,b51cbf5ee923bd0a3024b52be5e16747,"COMIC AWARDS GHANA 🇬🇭 🔖Venue : National Theatre. 📆Date : Friday 1st September, 2017 ⏱Time: 7pm Sharp. Performing Live: Kenny Blaq || DKB || Lekzy || Romanus || Jacinta ||Khemikal || Hogan || Irene. Ticket Outlets. 📌Silver Bird Cinema (Accra Mall) 📌Eddy's Pizza 🍕 (Circle) 📌Chix n Ribs (A&C Mall) 📌Airport Shell Filling Station For more info and Ticket. 📞020 306 2808 📞027 107 4611","COMIC AWARDS GHANA 🇬🇭 🔖Venue : National Theatre. 📆Date : Friday 1st September, 2017 ⏱Time: 7pm Sharp. Performing Live: Kenny Blaq || DKB || Lekzy || Romanus || Jacinta ||Khemikal || Hogan || Irene. Ticket Outlets. 📌Silver Bird Cinema (Accra Mall) 📌Eddy's Pizza 🍕 (Circle) 📌Chix n Ribs (A&C Mall) 📌Airport Shell Filling Station For more info and Ticket. 📞020 306 2808 📞027 107 4611",,0,0,0,0,0,0,0,0,0,0,,image,2026-03-13T18:07:55.323537
20,dd1f87cedf6c31d404237301e7a8a1b7,"Coming from Shiashie? Locate us at Abedi Pele Junction, adjacent Dejoy, directly above Eddy's Pizza, East legon. 👍😊 #Barbershop #accrawedey #ghana","Coming from Shiashie? Locate us at Abedi Pele Junction, adjacent Dejoy, directly above Eddy's Pizza, East legon. 👍😊 #Barbershop #accrawedey #ghana",,0,0,0,0,0,0,0,0,0,0,,image,2026-03-13T18:07:55.324067
21,6b13e0793078e144009f1cec5c2d94c0,"His Excellency Kojo Bonsu, Ghana’s ambassador to China and grandfather of Sloane was present at her christening. #TAYKOver23 #babysloane Content creators: @osei_douglas_live @eventbuzzgh @weloveghanaweddings Decor: @ri_styled Makeup: @polkadot_bl Mc: @kabutey_my_mc @eddy_acquah Dj: @wuushman01 Catering: @gingerjean_gh #babygirl #christening","His Excellency Kojo Bonsu, Ghana’s ambassador to China and grandfather of Sloane was present at her christening. #TAYKOver23 #babysloane Content creators: @osei_douglas_live @eventbuzzgh @weloveghanaweddings Decor: @ri_styled Makeup: @polkadot_bl Mc: @kabutey_my_mc @eddy_acquah Dj: @wuushman01 Catering: @gingerjean_gh #babygirl #christening",,0,0,0,0,0,0,0,0,0,0,,image,2026-03-13T18:07:55.324585
22,93106505293fbc8d6e802b7fb778a654,LCS ALUMNI TALK - Eddy Blay,LCS ALUMNI TALK - Eddy Blay,,0,0,0,0,0,0,0,0,0,0,,image,2026-03-13T18:07:55.325168
23,e94049cdb752459f42328b3c70032d7e,"Gifted Music presents Kingzkid Amplified 2017 📢📢📢📣📣📣 Date : 5th August 2017 Venue : KICC Dominion Center near the Coca Cola round about TIME : 12 Pm sharp! RATE: Totally FREE!!! PARTNERS : Eddy's Pizza, KICC Ghana and Finmock #YEAHHBOIYYY #AmplifiedGoPap 😎","Gifted Music presents Kingzkid Amplified 2017 📢📢📢📣📣📣 Date : 5th August 2017 Venue : KICC Dominion Center near the Coca Cola round about TIME : 12 Pm sharp! RATE: Totally FREE!!! PARTNERS : Eddy's Pizza, KICC Ghana and Finmock #YEAHHBOIYYY #AmplifiedGoPap 😎",,0,0,0,0,0,0,0,0,0,0,,image,2026-03-13T18:07:55.325715
24,a48b8445b061774776d37d5553e2fe3f,"We eat what they eat , this is why Gasmilla the international fisherman is so passionate about sanitation especially keeping the coastal clean. Come join Gasmilla and his team as we clean the communities and take their rubbish for them for free on the 14th of August, we starting with James Town 6 am 10am . And don't forget there's going to be a kenkey party 🥳 Zoomlion Ghana Limited Ghandour Cosmetics Ltd Eddy's Pizza Tampico Ghana Onga Ghana Hook And Line Weku🙏🙏🎣🏊 #YouthEmpowermentProgram #unicycle #unicefgh #wastemanagementcompany #plasticpollution #PlasticPunch #CleanGhana #unpd #WorldBank #plasticfree #ghanaeducationservice #MinistryofTourism #ministryofeducation #MinistryOfCulture #sanitation #SanitationServices #sanitationandwater #WaterIsLife #rubbishbin #rubbishremoval #rubbish #wastemanagement","We eat what they eat , this is why Gasmilla the international fisherman is so passionate about sanitation especially keeping the coastal clean. Come join Gasmilla and his team as we clean the communities and take their rubbish for them for free on the 14th of August, we starting with James Town 6 am 10am . And don't forget there's going to be a kenkey party 🥳 Zoomlion Ghana Limited Ghandour Cosmetics Ltd Eddy's Pizza Tampico Ghana Onga Ghana Hook And Line Weku🙏🙏🎣🏊 #YouthEmpowermentProgram #unicycle #unicefgh #wastemanagementcompany #plasticpollution #PlasticPunch #CleanGhana #unpd #WorldBank #plasticfree #ghanaeducationservice #MinistryofTourism #ministryofeducation #MinistryOfCulture #sanitation #SanitationServices #sanitationandwater #WaterIsLife #rubbishbin #rubbishremoval #rubbish #wastemanagement",,0,0,0,0,0,0,0,0,0,0,,image,2026-03-13T18:07:55.326658
25,fa9508bd3472c36d6cf695438bd0b980,"Happy Monday, Ghana! As the week begins, we at Providence Specialist Hospital want to remind you that taking care of your heart is always in season. ❤️ Whether you're an adult facing heart concerns or a parent looking for the best care for your little one, we're here for you. **Here at Providence, we specialize in:** 1. Adult and children's heart surgery: Our team of expert cardiac surgeons has extensive experience in open-heart surgery, minimally invasive procedures, and more. 2. Diagnosis and treatment of heart-related problems: From arrhythmias and high blood pressure to valve disease and congenital heart defects, we offer comprehensive diagnostics and personalized treatment plans. 3. A warm and compassionate environment: We understand that heart concerns can be stressful, so we strive to create a welcoming and supportive atmosphere for our patients and their families. Here are just a few reasons to choose Providence for your heart care: Experienced and dedicated team:** Our doctors, nurses, and staff are all committed to providing the highest quality care. State-of-the-art technology: We utilize the latest advancements in medical technology to ensure the best possible outcomes for our patients. Convenient location: We're easily accessible in New Achimota, Accra, right next to Eddy's Pizza and Highway View Bar. Don't wait to prioritize your heart health! Contact us today at 0208608496 or 0302435388 to schedule an appointment or learn more about our services. In the comments below, tell us what you do to keep your heart healthy! Don't forget to share this post with your loved ones who might benefit from our expertise!","Happy Monday, Ghana! As the week begins, we at Providence Specialist Hospital want to remind you that taking care of your heart is always in season. ❤️ Whether you're an adult facing heart concerns or a parent looking for the best care for your little one, we're here for you. **Here at Providence, we specialize in:** 1. Adult and children's heart surgery: Our team of expert cardiac surgeons has extensive experience in open-heart surgery, minimally invasive procedures, and more. 2. Diagnosis and treatment of heart-related problems: From arrhythmias and high blood pressure to valve disease and congenital heart defects, we offer comprehensive diagnostics and personalized treatment plans. 3. A warm and compassionate environment: We understand that heart concerns can be stressful, so we strive to create a welcoming and supportive atmosphere for our patients and their families. Here are just a few reasons to choose Providence for your heart care: Experienced and dedicated team:** Our doctors, nurses, and staff are all committed to providing the highest quality care. State-of-the-art technology: We utilize the latest advancements in medical technology to ensure the best possible outcomes for our patients. Convenient location: We're easily accessible in New Achimota, Accra, right next to Eddy's Pizza and Highway View Bar. Don't wait to prioritize your heart health! Contact us today at 0208608496 or 0302435388 to schedule an appointment or learn more about our services. In the comments below, tell us what you do to keep your heart healthy! Don't forget to share this post with your loved ones who might benefit from our expertise!",,0,0,0,0,0,0,0,0,0,0,https://www.facebook.com/61554405463480/videos/878648807089640/,image,2026-03-13T18:07:55.327487
26,692979d0221c0dbe699cf53926f8c133,"This is hotel-level luxury ✨ TranQ double-bowl vanity Now ₵9,500 🌐 𝗪𝗲𝗯𝘀𝗶𝘁𝗲 : alanyogroup.com ☎️ 𝗛𝗼𝘁𝗹𝗶𝗻𝗲 :+233531978362 📌📌𝗦𝗵𝗼𝘄𝗿𝗼𝗼𝗺 :Weija-Kasoa main road, opposite eddy’s pizza or phastor limited Sampa valley, Accra Ghana 🇬🇭. #TranQ #LuxuryBathroom #GhanaHomes #BathroomUpgrade #InteriorGhana","This is hotel-level luxury ✨ TranQ double-bowl vanity Now ₵9,500 🌐 𝗪𝗲𝗯𝘀𝗶𝘁𝗲 : alanyogroup.com ☎️ 𝗛𝗼𝘁𝗹𝗶𝗻𝗲 :+233531978362 📌📌𝗦𝗵𝗼𝘄𝗿𝗼𝗼𝗺 :Weija-Kasoa main road, opposite eddy’s pizza or phastor limited Sampa valley, Accra Ghana 🇬🇭. #TranQ #LuxuryBathroom #GhanaHomes #BathroomUpgrade #InteriorGhana",,0,0,0,0,0,0,0,0,0,0,https://www.facebook.com/reel/1404582184550136/,image,2026-03-13T18:07:55.328275
27,508faf8121cf39fe9bfc386cb5c47dd0,"Modern bathrooms deserve TranQ 🖤 🌐 𝗪𝗲𝗯𝘀𝗶𝘁𝗲 : alanyogroup.com ☎️ 𝗛𝗼𝘁𝗹𝗶𝗻𝗲 :+233531978362 📌📌𝗦𝗵𝗼𝘄𝗿𝗼𝗼𝗺 :Weija-Kasoa main road, opposite eddy’s pizza or phastor limited Sampa valley, Accra Ghana 🇬🇭. #TranQ #AlanyoGroup #LuxuryBathroom #BlackVanity #BathroomDesign #GhanaHomes #InteriorGhana #HomeUpgrade","Modern bathrooms deserve TranQ 🖤 🌐 𝗪𝗲𝗯𝘀𝗶𝘁𝗲 : alanyogroup.com ☎️ 𝗛𝗼𝘁𝗹𝗶𝗻𝗲 :+233531978362 📌📌𝗦𝗵𝗼𝘄𝗿𝗼𝗼𝗺 :Weija-Kasoa main road, opposite eddy’s pizza or phastor limited Sampa valley, Accra Ghana 🇬🇭. #TranQ #AlanyoGroup #LuxuryBathroom #BlackVanity #BathroomDesign #GhanaHomes #InteriorGhana #HomeUpgrade",,0,0,0,0,0,0,0,0,0,0,,image,2026-03-13T18:07:55.329151
28,bdd19325dd4c005a16d9a85d449483b1,"Every detail speaks premium — TranQ Vanity. 🔥 🌐 𝗪𝗲𝗯𝘀𝗶𝘁𝗲 : alanyogroup.com ☎️ 𝗛𝗼𝘁𝗹𝗶𝗻𝗲 :+233531978362 📌📌𝗦𝗵𝗼𝘄𝗿𝗼𝗼𝗺 :Weija-Kasoa main road, opposite eddy’s pizza or phastor limited Sampa valley, Accra Ghana 🇬🇭. #TranQ #TranQVanity #BathroomAesthetics #LuxuryBathroom #VanityGoals #BathroomDesign #ModernBathroom #InteriorInspo #HomeDecorGhana #AestheticBathroom #BathroomStyle #VanityInspo #MarbleVibes #LuxuryLiving #BathroomMakeover #AlanyoGroup #TranQBathroom #GhanaHomes #BathroomGoals #DesignInspo","Every detail speaks premium — TranQ Vanity. 🔥 🌐 𝗪𝗲𝗯𝘀𝗶𝘁𝗲 : alanyogroup.com ☎️ 𝗛𝗼𝘁𝗹𝗶𝗻𝗲 :+233531978362 📌📌𝗦𝗵𝗼𝘄𝗿𝗼𝗼𝗺 :Weija-Kasoa main road, opposite eddy’s pizza or phastor limited Sampa valley, Accra Ghana 🇬🇭. #TranQ #TranQVanity #BathroomAesthetics #LuxuryBathroom #VanityGoals #BathroomDesign #ModernBathroom #InteriorInspo #HomeDecorGhana #AestheticBathroom #BathroomStyle #VanityInspo #MarbleVibes #LuxuryLiving #BathroomMakeover #AlanyoGroup #TranQBathroom #GhanaHomes #BathroomGoals #DesignInspo",,0,0,0,0,0,0,0,0,0,0,,image,2026-03-13T18:07:55.329880
29,e09c88326eb2b682c63236c266de74fc,Comedy and music night happening this week Saturday 14th December 2019 @ Bustop near Eddy's pizza ring road Accra Ghana by 7pm,Comedy and music night happening this week Saturday 14th December 2019 @ Bustop near Eddy's pizza ring road Accra Ghana by 7pm,,0,0,0,0,0,0,0,0,0,0,,image,2026-03-13T18:07:55.330592
30,d19905e9f76d7a47ae764cf9f95404fc,"I’m at loggerheads with pizza, pasta 🍝, noodles and the rest! What is food to mankind 😋. Ghana man and egg 🥚 is like a lizard with push ups 😂. #facebookreelsviralviralシfypシ゚ #FacebookPage #food #foodie #facebookreelsviral #foodlover","I’m at loggerheads with pizza, pasta 🍝, noodles and the rest! What is food to mankind 😋. Ghana man and egg 🥚 is like a lizard with push ups 😂. #facebookreelsviralviralシfypシ゚ #FacebookPage #food #foodie #facebookreelsviral #foodlover",,0,0,0,0,0,0,0,0,0,0,,image,2026-03-13T18:07:55.331693
31,846ed2e0bd9a3c2c29a697f8c91d33f1,This is for you,"🛑 WAIT! Don’t scroll. If your bathroom still looks basic… this is your upgrade moment. Black. Bold. TranQ. Introducing the 120cm TranQ Vanity Set with LED Mirror, built for homeowners who want their space to feel like a luxury hotel suite every single day. Imagine this: - A sleek matte black finish that commands attention - A spacious 120cm vanity for effortless organization - A modern LED mirror that elevates your entire bathroom ambiance - A clean, premium look that instantly upgrades your home value NOW only GHS6,586 ☎️ Hotline: +233531978362 📍 Showroom: Weija–Kasoa Main Road, opposite Eddy’s Pizza / Phastor Limited, Sampa Valley – Accra, Ghana 🇬🇭 #KitchenSinkPriceInGhana #BuyKitchenSinkInAccra #SUS304KitchenSink #NanoStainlessSteelSink #NoRustKitchenSink #ModernKitchenGhana #KitchenUpgrade #HomeImprovementGhana #AlanyoGroup",,0,0,0,0,0,0,0,0,0,0,https://www.facebook.com/reel/2398744920560447/,image,2026-03-13T18:07:55.332285
32,c77c5a1e35454296b584ab349700f69f,"New Stock Arrival! Luxury TranQ Vanity with LED mirror, faucet, waste trap & 5-year warranty. 🌐 𝗪𝗲𝗯𝘀𝗶𝘁𝗲 : alanyogroup.com ☎️ 𝗛𝗼𝘁𝗹𝗶𝗻𝗲 :+233531978362 📌📌𝗦𝗵𝗼𝘄𝗿𝗼𝗼𝗺 :Weija-Kasoa main road, opposite eddy’s pizza or phastor limited Sampa valley, Accra Ghana 🇬🇭. #TranQ #NewArrival #LuxuryBathroom #AlanyoGroup #GhanaHomes","New Stock Arrival! Luxury TranQ Vanity with LED mirror, faucet, waste trap & 5-year warranty. 🌐 𝗪𝗲𝗯𝘀𝗶𝘁𝗲 : alanyogroup.com ☎️ 𝗛𝗼𝘁𝗹𝗶𝗻𝗲 :+233531978362 📌📌𝗦𝗵𝗼𝘄𝗿𝗼𝗼𝗺 :Weija-Kasoa main road, opposite eddy’s pizza or phastor limited Sampa valley, Accra Ghana 🇬🇭. #TranQ #NewArrival #LuxuryBathroom #AlanyoGroup #GhanaHomes",,0,0,0,0,0,0,0,0,0,0,,image,2026-03-13T18:07:55.332884
33,9f4ca2de545a850b07dafa0e1217bc91,"Excited to announce that iSupreme has been appointed the agency partner for Anker Innovations, the global brand behind Anker, Soundcore, Eufy, and Nebula for Ghana and other key West African markets. As Anker expands across Ghana and the West African region, iSupreme will support their growth through influencer campaigns, retail experiences, brand activations, and advertising — helping bring their innovative technology closer to consumers. Over the past 7 years, we’ve helped global brands enter and grow in Ghana — including Flutterwave, Yango, Sonlink Motor, and restaurant brands like RocoMamas, Pizza Inn, Chicken Inn, Ocean Basket, and Galito’s. Now we’re excited to help one of the world’s leading tech brands grow in this region. #iSupreme","Excited to announce that iSupreme has been appointed the agency partner for Anker Innovations, the global brand behind Anker, Soundcore, Eufy, and Nebula for Ghana and other key West African markets. As Anker expands across Ghana and the West African region, iSupreme will support their growth through influencer campaigns, retail experiences, brand activations, and advertising — helping bring their innovative technology closer to consumers. Over the past 7 years, we’ve helped global brands enter and grow in Ghana — including Flutterwave, Yango, Sonlink Motor, and restaurant brands like RocoMamas, Pizza Inn, Chicken Inn, Ocean Basket, and Galito’s. Now we’re excited to help one of the world’s leading tech brands grow in this region. #iSupreme",,0,0,0,0,0,0,0,0,0,0,,image,2026-03-13T18:07:55.334009
34,3d30a8d22aef162e2262994612418808,Buy Now,"🚨 Wait… before you buy that Kitchen Cabinet... What if you could get everything in one complete set, without chasing plumbers and extra fittings? Introducing the All-In-One 80cm Vanity Set, designed for smart homeowners who want style and convenience. Here’s what makes this a steal: ✔ 80cm modern vanity cabinet ✔ Premium sink basin ✔ Faucets included ✔ LED mirror included ✔ Clean, space-saving design No hidden extras. No surprise costs. Just install and enjoy. All for only GH₵1,700. 🌐 Website: alanyogroup.com ☎️ Hotline: +233531978362 📍 Showroom: Weija–Kasoa Main Road, opposite Eddy’s Pizza / Phastor Limited, Sampa Valley – Accra, Ghana 🇬🇭 #KitchenSinkPriceInGhana #BuyKitchenSinkInAccra #SUS304KitchenSink #NanoStainlessSteelSink #NoRustKitchenSink #ModernKitchenGhana #KitchenUpgrade #HomeImprovementGhana #AlanyoGroup",,0,0,0,0,0,0,0,0,0,0,https://www.facebook.com/reel/2854027551466535/,image,2026-03-13T18:07:55.334446
35,072370766ea9d3908233c70991a9352b,Nigeria Vs Ghana,Nigeria Vs Ghana,,0,0,0,0,0,0,0,0,0,0,,image,2026-03-13T18:07:55.334973
36,640ec820edf9d58b5f25e98b69638f11,"TranQ premium vanity cabinets. 🌐 𝗪𝗲𝗯𝘀𝗶𝘁𝗲 : alanyogroup.com ☎️ 𝗛𝗼𝘁𝗹𝗶𝗻𝗲 :+233531978362 📌📌𝗦𝗵𝗼𝘄𝗿𝗼𝗼𝗺 :Weija-Kasoa main road, opposite eddy’s pizza. Sampa valley. #blacksheriff #bathroom #trendingtiles #sanitarywares #ghana #tranQ #newarrivals #spintexghana #realestateforsale #realeastate #realestatebroker #realtor #realestatemarketing #africa #realeastategh #ghanarealestates #ghanarealestatedevelopers #ghanahomes","TranQ premium vanity cabinets. 🌐 𝗪𝗲𝗯𝘀𝗶𝘁𝗲 : alanyogroup.com ☎️ 𝗛𝗼𝘁𝗹𝗶𝗻𝗲 :+233531978362 📌📌𝗦𝗵𝗼𝘄𝗿𝗼𝗼𝗺 :Weija-Kasoa main road, opposite eddy’s pizza. Sampa valley. #blacksheriff #bathroom #trendingtiles #sanitarywares #ghana #tranQ #newarrivals #spintexghana #realestateforsale #realeastate #realestatebroker #realtor #realestatemarketing #africa #realeastategh #ghanarealestates #ghanarealestatedevelopers #ghanahomes",,0,0,0,0,0,0,0,0,0,0,,image,2026-03-13T18:07:55.335399
37,1bb1f382958ec480991dbeda70357eec,"Premium Fluted Panels 💰:85GH Size :9ft long 17cm wide ☎️ 𝗛𝗼𝘁𝗹𝗶𝗻𝗲 :+233531978362 📌📌𝗦𝗵𝗼𝘄𝗿𝗼𝗼𝗺 :Weija-Kasoa main road, opposite eddy’s pizza or phastor limited Sampa valley, Accra Ghana 🇬🇭. #blacksheriff #ghana #sanitarywares #flutedpanels #wallpanelling #deco #tranQ #spintexaccra #african #walldecoration #decoration","Premium Fluted Panels 💰:85GH Size :9ft long 17cm wide ☎️ 𝗛𝗼𝘁𝗹𝗶𝗻𝗲 :+233531978362 📌📌𝗦𝗵𝗼𝘄𝗿𝗼𝗼𝗺 :Weija-Kasoa main road, opposite eddy’s pizza or phastor limited Sampa valley, Accra Ghana 🇬🇭. #blacksheriff #ghana #sanitarywares #flutedpanels #wallpanelling #deco #tranQ #spintexaccra #african #walldecoration #decoration",,0,0,0,0,0,0,0,0,0,0,https://www.facebook.com/reel/2199640287191133/,image,2026-03-13T18:07:55.335867
38,9e4cc0e05396527d907e29b0fe8a117c,"TRANQ SUS304 Nano Handmade Kitchen Sink. Key Features: • Premium SUS304 stainless steel – rust-proof & food-safe • Nano coating – resists scratches, oil & water stains • Handmade construction – thicker steel, stronger build • Easy to clean & maintain • Designed for modern & luxury kitchens 🌐 𝗪𝗲𝗯𝘀𝗶𝘁𝗲 : alanyogroup.com ☎️ 𝗛𝗼𝘁𝗹𝗶𝗻𝗲 :+233531978362 📌📌𝗦𝗵𝗼𝘄𝗿𝗼𝗼𝗺 :Weija-Kasoa main road, opposite eddy’s pizza or phastor limited Sampa valley, Accra Ghana 🇬🇭. #SUS304Sink #NanoSink #PremiumKitchen #ModernKitchen #KitchenUpgrade #GhanaHomes #AlanyoGroup","TRANQ SUS304 Nano Handmade Kitchen Sink. Key Features: • Premium SUS304 stainless steel – rust-proof & food-safe • Nano coating – resists scratches, oil & water stains • Handmade construction – thicker steel, stronger build • Easy to clean & maintain • Designed for modern & luxury kitchens 🌐 𝗪𝗲𝗯𝘀𝗶𝘁𝗲 : alanyogroup.com ☎️ 𝗛𝗼𝘁𝗹𝗶𝗻𝗲 :+233531978362 📌📌𝗦𝗵𝗼𝘄𝗿𝗼𝗼𝗺 :Weija-Kasoa main road, opposite eddy’s pizza or phastor limited Sampa valley, Accra Ghana 🇬🇭. #SUS304Sink #NanoSink #PremiumKitchen #ModernKitchen #KitchenUpgrade #GhanaHomes #AlanyoGroup",,0,0,0,0,0,0,0,0,0,0,https://www.facebook.com/reel/874024578927877/,image,2026-03-13T18:07:55.336484
39,b8d06f640db811721aca3c9fd771231a,"Black. Bold. TranQ. 120cm vanity set with LED mirror Now ₵6,586 🔥 ☎️ 𝗛𝗼𝘁𝗹𝗶𝗻𝗲 :+233531978362 📌📌𝗦𝗵𝗼𝘄𝗿𝗼𝗼𝗺 :Weija-Kasoa main road, opposite eddy’s pizza or phastor limited Sampa valley, Accra Ghana 🇬🇭. #TranQ #AlanyoGroup #LuxuryBathroom #BlackVanity #BathroomDesign #GhanaHomes #InteriorGhana #HomeUpgrade","Black. Bold. TranQ. 120cm vanity set with LED mirror Now ₵6,586 🔥 ☎️ 𝗛𝗼𝘁𝗹𝗶𝗻𝗲 :+233531978362 📌📌𝗦𝗵𝗼𝘄𝗿𝗼𝗼𝗺 :Weija-Kasoa main road, opposite eddy’s pizza or phastor limited Sampa valley, Accra Ghana 🇬🇭. #TranQ #AlanyoGroup #LuxuryBathroom #BlackVanity #BathroomDesign #GhanaHomes #InteriorGhana #HomeUpgrade",,0,0,0,0,0,0,0,0,0,0,https://www.facebook.com/reel/26099881419645101/,image,2026-03-13T18:07:55.337173
40,ada958d81b63282983cbac6c06916fa3,"All-in-one 80cm vanity set with faucets & LED mirror — GH₵1,700. 🌐 𝗪𝗲𝗯𝘀𝗶𝘁𝗲 : alanyogroup.com ☎️ 𝗛𝗼𝘁𝗹𝗶𝗻𝗲 :+233531978362 📌📌𝗦𝗵𝗼𝘄𝗿𝗼𝗼𝗺 :Weija-Kasoa main road, opposite eddy’s pizza or phastor limited Sampa valley, Accra Ghana 🇬🇭. #TranQ #AlanyoGroup #LuxuryBathroom #GhanaHomes #HomeUpgrade","All-in-one 80cm vanity set with faucets & LED mirror — GH₵1,700. 🌐 𝗪𝗲𝗯𝘀𝗶𝘁𝗲 : alanyogroup.com ☎️ 𝗛𝗼𝘁𝗹𝗶𝗻𝗲 :+233531978362 📌📌𝗦𝗵𝗼𝘄𝗿𝗼𝗼𝗺 :Weija-Kasoa main road, opposite eddy’s pizza or phastor limited Sampa valley, Accra Ghana 🇬🇭. #TranQ #AlanyoGroup #LuxuryBathroom #GhanaHomes #HomeUpgrade",,0,0,0,0,0,0,0,0,0,0,https://www.facebook.com/reel/863464283261296/,image,2026-03-13T18:07:55.337848
41,1bc76ebc25f69f6a804a8e53d4f2336a,"Chale, no dull! WC promo dey run — small money, big shine. 🌐 𝗪𝗲𝗯𝘀𝗶𝘁𝗲 : alanyogroup.com ☎️ 𝗛𝗼𝘁𝗹𝗶𝗻𝗲 :+233531978362 📌📌𝗦𝗵𝗼𝘄𝗿𝗼𝗼𝗺 :Weija-Kasoa main road, opposite eddy’s pizza. Sampa valley. #bathroom #sanitarywares #twyfordtiles #ghanahomes #ghana #spintexghana #spintex #spintexroad #basins","Chale, no dull! WC promo dey run — small money, big shine. 🌐 𝗪𝗲𝗯𝘀𝗶𝘁𝗲 : alanyogroup.com ☎️ 𝗛𝗼𝘁𝗹𝗶𝗻𝗲 :+233531978362 📌📌𝗦𝗵𝗼𝘄𝗿𝗼𝗼𝗺 :Weija-Kasoa main road, opposite eddy’s pizza. Sampa valley. #bathroom #sanitarywares #twyfordtiles #ghanahomes #ghana #spintexghana #spintex #spintexroad #basins",,0,0,0,0,0,0,0,0,0,0,https://www.facebook.com/reel/727047223661924/,image,2026-03-13T18:07:55.338441
42,2103f5f1fc950667c241cd9d203652e9,Event Secured By @goldmaxxsecurity @inspiredby_efia@focusandblur @blaqeyephotography @reelsbynanakwame @kelelplux @nb_ events_ @nb_events_ @kelon_events @reggies_makeovers @ariyike_mua @she.boss1 @hairbyadefunkeee @facelabgh @Bernice_signature_studio @sadiesbridal @dashis_label @naehays @zeeyona_gh @zeeyona_gh @bombom.s_Klothing @avant_la_robe @decy_world @afyas_klosset @gwin_atelier @milirv_ @sherryoge @gillz_gh @adeles_millinery @adeles_millinery @completeeventnflowers @ny_atelier_ @osebo_the_fashionking @djalphagh @dj_blaze_eventsgh @mcextraordinaire @eddy_acquah @inspired_ushers @inspired_ushers @mc_anointing @idemcusine @torias.touch @cocktails_ghana @mannys_bar @idemcusine @drinkz_n_cheersgh @de_bakers_king #goldmaxxsecuriry #eventsecurity #proudtoprotect,Event Secured By @goldmaxxsecurity @inspiredby_efia@focusandblur @blaqeyephotography @reelsbynanakwame @kelelplux @nb_ events_ @nb_events_ @kelon_events @reggies_makeovers @ariyike_mua @she.boss1 @hairbyadefunkeee @facelabgh @Bernice_signature_studio @sadiesbridal @dashis_label @naehays @zeeyona_gh @zeeyona_gh @bombom.s_Klothing @avant_la_robe @decy_world @afyas_klosset @gwin_atelier @milirv_ @sherryoge @gillz_gh @adeles_millinery @adeles_millinery @completeeventnflowers @ny_atelier_ @osebo_the_fashionking @djalphagh @dj_blaze_eventsgh @mcextraordinaire @eddy_acquah @inspired_ushers @inspired_ushers @mc_anointing @idemcusine @torias.touch @cocktails_ghana @mannys_bar @idemcusine @drinkz_n_cheersgh @de_bakers_king #goldmaxxsecuriry #eventsecurity #proudtoprotect,,0,0,0,0,0,0,0,0,0,0,,image,2026-03-13T18:07:55.339009
43,40b61332d34f26fdeb2dacd7de96800a,"Rust-free. Scratch-resistant. Premium finish. SUS304 Nano Handmade Sink — ₵2,660. SIZE: 100cm by 46cm 🌐 𝗪𝗲𝗯𝘀𝗶𝘁𝗲 : alanyogroup.com ☎️ 𝗛𝗼𝘁𝗹𝗶𝗻𝗲 :+233531978362 📌📌𝗦𝗵𝗼𝘄𝗿𝗼𝗼𝗺 :Weija-Kasoa main road, opposite eddy’s pizza or phastor limited Sampa valley, Accra Ghana 🇬🇭. #SUS304Sink #NanoKitchenSink #PremiumKitchenGhana #LuxuryKitchen #GhanaHomes #KitchenUpgrade #HomeImprovementGhana #ModernKitchen #QualityKitchen #AlanyoGroup","Rust-free. Scratch-resistant. Premium finish. SUS304 Nano Handmade Sink — ₵2,660. SIZE: 100cm by 46cm 🌐 𝗪𝗲𝗯𝘀𝗶𝘁𝗲 : alanyogroup.com ☎️ 𝗛𝗼𝘁𝗹𝗶𝗻𝗲 :+233531978362 📌📌𝗦𝗵𝗼𝘄𝗿𝗼𝗼𝗺 :Weija-Kasoa main road, opposite eddy’s pizza or phastor limited Sampa valley, Accra Ghana 🇬🇭. #SUS304Sink #NanoKitchenSink #PremiumKitchenGhana #LuxuryKitchen #GhanaHomes #KitchenUpgrade #HomeImprovementGhana #ModernKitchen #QualityKitchen #AlanyoGroup",,0,0,0,0,0,0,0,0,0,0,https://www.facebook.com/reel/1586825236073419/,image,2026-03-13T18:07:55.339568
44,cedbac189be39803ba8d73694559a31c,"TranQ Vanity Cabinet is here. ✔ Faucet ✔ LED Lights ✔ Waste Trap ✔ Pop-Up Drain ✔ 5-Year Warranty Premium quality — built for modern bathrooms. ☎️ 0205957562/0531978362 📌📌𝗦𝗵𝗼𝘄𝗿𝗼𝗼𝗺 :Weija-Kasoa main road, opposite eddy’s pizza or phastor limited Sampa valley, Accr#TranQa#VanityCabinet #VanityCabinet #BathroomEssentials #ModernBathroom #AccraHomes #bathroom #ghana #sanitarywares #basins #trendingtiles #bathroomgoals #","TranQ Vanity Cabinet is here. ✔ Faucet ✔ LED Lights ✔ Waste Trap ✔ Pop-Up Drain ✔ 5-Year Warranty Premium quality — built for modern bathrooms. ☎️ 0205957562/0531978362 📌📌𝗦𝗵𝗼𝘄𝗿𝗼𝗼𝗺 :Weija-Kasoa main road, opposite eddy’s pizza or phastor limited Sampa valley, Accr#TranQa#VanityCabinet #VanityCabinet #BathroomEssentials #ModernBathroom #AccraHomes #bathroom #ghana #sanitarywares #basins #trendingtiles #bathroomgoals #",,0,0,0,0,0,0,0,0,0,0,https://www.facebook.com/reel/1488982225491551/,image,2026-03-13T18:07:55.340133
45,d8f4d7d8c8f0f0f91a6bfcd43b831f03,"Happy Monday, Ghana! As the week begins, we at Providence Specialist Hospital want to remind you that taking care of your heart is always in season. ❤️ Whether you're an adult facing heart concerns or a parent looking for the best care for your little one, we're here for you. **Here at Providence, we specialize in:** 1. Adult and children's heart surgery: Our team of expert cardiac surgeons has extensive experience in open-heart surgery, minimally invasive procedures, and more. 2. Diagnosis and treatment of heart-related problems: From arrhythmias and high blood pressure to valve disease and congenital heart defects, we offer comprehensive diagnostics and personalized treatment plans. 3. A warm and compassionate environment: We understand that heart concerns can be stressful, so we strive to create a welcoming and supportive atmosphere for our patients and their families. Here are just a few reasons to choose Providence for your heart care: Experienced and dedicated team:** Our doctors, nurses, and staff are all committed to providing the highest quality care. State-of-the-art technology: We utilize the latest advancements in medical technology to ensure the best possible outcomes for our patients. Convenient location: We're easily accessible in New Achimota, Accra, right next to Eddy's Pizza and Highway View Bar. Don't wait to prioritize your heart health! Contact us today at 0208608496 or 0302435388 to schedule an appointment or learn more about our services. In the comments below, tell us what you do to keep your heart healthy! Don't forget to share this post with your loved ones who might benefit from our expertise!","Happy Monday, Ghana! As the week begins, we at Providence Specialist Hospital want to remind you that taking care of your heart is always in season. ❤️ Whether you're an adult facing heart concerns or a parent looking for the best care for your little one, we're here for you. **Here at Providence, we specialize in:** 1. Adult and children's heart surgery: Our team of expert cardiac surgeons has extensive experience in open-heart surgery, minimally invasive procedures, and more. 2. Diagnosis and treatment of heart-related problems: From arrhythmias and high blood pressure to valve disease and congenital heart defects, we offer comprehensive diagnostics and personalized treatment plans. 3. A warm and compassionate environment: We understand that heart concerns can be stressful, so we strive to create a welcoming and supportive atmosphere for our patients and their families. Here are just a few reasons to choose Providence for your heart care: Experienced and dedicated team:** Our doctors, nurses, and staff are all committed to providing the highest quality care. State-of-the-art technology: We utilize the latest advancements in medical technology to ensure the best possible outcomes for our patients. Convenient location: We're easily accessible in New Achimota, Accra, right next to Eddy's Pizza and Highway View Bar. Don't wait to prioritize your heart health! Contact us today at 0208608496 or 0302435388 to schedule an appointment or learn more about our services. In the comments below, tell us what you do to keep your heart healthy! Don't forget to share this post with your loved ones who might benefit from our expertise!",,0,0,0,0,0,0,0,0,0,0,,image,2026-03-13T18:07:55.340594
46,2ad71708230423aefee377388798b55b,"🆕 New TranQ Vanity Stock! LED mirror • Faucet • Waste trap • 5-Year Warranty Price :1,980GH ☎️ 𝗛𝗼𝘁𝗹𝗶𝗻𝗲 :+233531978362 📌📌𝗦𝗵𝗼𝘄𝗿𝗼𝗼𝗺 :Weija-Kasoa main road, opposite eddy’s pizza or phastor limited Sampa valley, Accra Ghana 🇬🇭. #TranQ #LuxuryBathroom #AlanyoGroup","🆕 New TranQ Vanity Stock! LED mirror • Faucet • Waste trap • 5-Year Warranty Price :1,980GH ☎️ 𝗛𝗼𝘁𝗹𝗶𝗻𝗲 :+233531978362 📌📌𝗦𝗵𝗼𝘄𝗿𝗼𝗼𝗺 :Weija-Kasoa main road, opposite eddy’s pizza or phastor limited Sampa valley, Accra Ghana 🇬🇭. #TranQ #LuxuryBathroom #AlanyoGroup",,0,0,0,0,0,0,0,0,0,0,,image,2026-03-13T18:07:55.341433
47,b6aed33f8c75eafef0bc598713662962,Kingzkid Nation,"Gifted Music presents Kingzkid Amplified 2017 📢📢📢📣📣📣 Date : 5th August 2017 Venue : KICC Dominion Center near the Coca Cola round about TIME : 12 Pm sharp! RATE: Totally FREE!!! PARTNERS : Eddy's Pizza, KICC Ghana and Finmock #YEAHHBOIYYY #AmplifiedGoPap 😎",,0,0,0,0,0,0,0,0,0,0,https://www.facebook.com/kingzkidmusic/videos/1370240639697747/,image,2026-03-13T18:07:55.341973
48,f12c7897d78e08df335c7f31624c0db7,"Still using an outdated WC? Upgrade to the Console Nano Glazing TranQ WC and enjoy: ✨ Easy-to-clean Nano Glazing ✨ Heavy-duty UF Seat Cover ✨ Strong Concealed Frame System ✨ Stylish Flush Button ✨ 5-Year Warranty Peace of Mind All for just 2,800GH₵ 🔥 Invest once. Enjoy comfort for years. 🌐 𝗪𝗲𝗯𝘀𝗶𝘁𝗲 : alanyogroup.com ☎️ 𝗛𝗼𝘁𝗹𝗶𝗻𝗲 :+233531978362 📌📌𝗦𝗵𝗼𝘄𝗿𝗼𝗼𝗺 :Weija-Kasoa main road, opposite eddy’s pizza or phastor limited Sampa valley, Accra Ghana 🇬🇭. #BathroomLuxury #TranQ #AlanyoGroup #WCUpgrade #ModernLiving #AccraHomes","Still using an outdated WC? Upgrade to the Console Nano Glazing TranQ WC and enjoy: ✨ Easy-to-clean Nano Glazing ✨ Heavy-duty UF Seat Cover ✨ Strong Concealed Frame System ✨ Stylish Flush Button ✨ 5-Year Warranty Peace of Mind All for just 2,800GH₵ 🔥 Invest once. Enjoy comfort for years. 🌐 𝗪𝗲𝗯𝘀𝗶𝘁𝗲 : alanyogroup.com ☎️ 𝗛𝗼𝘁𝗹𝗶𝗻𝗲 :+233531978362 📌📌𝗦𝗵𝗼𝘄𝗿𝗼𝗼𝗺 :Weija-Kasoa main road, opposite eddy’s pizza or phastor limited Sampa valley, Accra Ghana 🇬🇭. #BathroomLuxury #TranQ #AlanyoGroup #WCUpgrade #ModernLiving #AccraHomes",,0,0,0,0,0,0,0,0,0,0,https://www.facebook.com/reel/2083074835859240/,image,2026-03-13T18:07:55.342618
49,455574f78b4b7edc7e9668e878a0b887,@eddy_praizmusic leads powerful worship at The Wordshippers Praise Service with @abednego_saban #gospel #ghana #music #gospelarena #africa,@eddy_praizmusic leads powerful worship at The Wordshippers Praise Service with @abednego_saban #gospel #ghana #music #gospelarena #africa,,0,0,0,0,0,0,0,0,0,0,,image,2026-03-13T18:07:55.343241
50,8ea259df69fdf36adc31314d39d8c11a,"Luxury bathrooms, the TranQ way. Length:900 Width:500 Height:480 💰vanity cabinet: Promo price: 6,500GH 💰 WC : 1,950GH ☎️ 𝗛𝗼𝘁𝗹𝗶𝗻𝗲 :+233531978362 📌📌𝗦𝗵𝗼𝘄𝗿𝗼𝗼𝗺 :Weija-Kasoa main road, opposite eddy’s pizza or phastor limited Sampa valley, Accra Ghana 🇬🇭. #TranQ #TranQBathrooms #DoubleElegance #LuxuryBathroom #ModernBathroom #HighEndBathroom #BathroomInspo #InteriorLuxury #GhanaHomes #AccraHomes #LuxuryHomesGhana #AlanyoGroup","Luxury bathrooms, the TranQ way. Length:900 Width:500 Height:480 💰vanity cabinet: Promo price: 6,500GH 💰 WC : 1,950GH ☎️ 𝗛𝗼𝘁𝗹𝗶𝗻𝗲 :+233531978362 📌📌𝗦𝗵𝗼𝘄𝗿𝗼𝗼𝗺 :Weija-Kasoa main road, opposite eddy’s pizza or phastor limited Sampa valley, Accra Ghana 🇬🇭. #TranQ #TranQBathrooms #DoubleElegance #LuxuryBathroom #ModernBathroom #HighEndBathroom #BathroomInspo #InteriorLuxury #GhanaHomes #AccraHomes #LuxuryHomesGhana #AlanyoGroup",,0,0,0,0,0,0,0,0,0,0,https://www.facebook.com/reel/906259475266241/,image,2026-03-13T18:07:55.343736
51,2fec6dc20164a7a2ded77c0c0f106302,"Enjoy Hot Water Every Day — Safe & Guaranteed! Stop suffering with cold showers. Upgrade to our High-Quality Water Heaters — designed for safety, durability, and long-lasting performance. ✅ Available Sizes & Prices: 💧 10 Liters — 1,550GH₵ 💧 15 Liters — 1,650GH₵ 💧 30 Liters — 2,100GH₵ ✔️ Why Buy From Us? ✔️Built-in ELCB Protector (Shock Protection) ✔️ 5 Years Warranty ✔️Fast Heating System ✔️ Perfect for Homes, Apartments & Hotels Comfort + Safety + Warranty = Smart Investment. 🌐 𝗪𝗲𝗯𝘀𝗶𝘁𝗲 : alanyogroup.com ☎️ 𝗛𝗼𝘁𝗹𝗶𝗻𝗲 :+233531978362 📌📌𝗦𝗵𝗼𝘄𝗿𝗼𝗼𝗺 :Weija-Kasoa main road, opposite eddy’s pizza or phastor limited Sampa valley, Accra Ghana 🇬🇭. #WaterHeaterGhana #HotWaterComfort #BathroomUpgrade #HomeImprovementGH #GhanaHomes #RealEstateGhana #AlanyoGroup #QualityLiving #SafeHotWater","Enjoy Hot Water Every Day — Safe & Guaranteed! Stop suffering with cold showers. Upgrade to our High-Quality Water Heaters — designed for safety, durability, and long-lasting performance. ✅ Available Sizes & Prices: 💧 10 Liters — 1,550GH₵ 💧 15 Liters — 1,650GH₵ 💧 30 Liters — 2,100GH₵ ✔️ Why Buy From Us? ✔️Built-in ELCB Protector (Shock Protection) ✔️ 5 Years Warranty ✔️Fast Heating System ✔️ Perfect for Homes, Apartments & Hotels Comfort + Safety + Warranty = Smart Investment. 🌐 𝗪𝗲𝗯𝘀𝗶𝘁𝗲 : alanyogroup.com ☎️ 𝗛𝗼𝘁𝗹𝗶𝗻𝗲 :+233531978362 📌📌𝗦𝗵𝗼𝘄𝗿𝗼𝗼𝗺 :Weija-Kasoa main road, opposite eddy’s pizza or phastor limited Sampa valley, Accra Ghana 🇬🇭. #WaterHeaterGhana #HotWaterComfort #BathroomUpgrade #HomeImprovementGH #GhanaHomes #RealEstateGhana #AlanyoGroup #QualityLiving #SafeHotWater",,0,0,0,0,0,0,0,0,0,0,https://www.facebook.com/reel/933517756298238/,image,2026-03-13T18:07:55.344205
52,0c1a79aa62cb4048e5e2842d61113205,"Luxury made simple ✨ Transform your walls with TranQ Marble Sheets — waterproof, easy to install, and built for that 5-star finish 💎 Perfect for bathrooms, kitchens & living spaces. 🌐 𝗪𝗲𝗯𝘀𝗶𝘁𝗲 : alanyogroup.com ☎️ 𝗛𝗼𝘁𝗹𝗶𝗻𝗲 :+233531978362 📌📌𝗦𝗵𝗼𝘄𝗿𝗼𝗼𝗺 :Weija-Kasoa main road, opposite eddy’s pizza or phastor limited Sampa valley, Accra Ghana 🇬🇭. #TranQ #MarbleSheets #LuxuryHomes #InteriorDesign #GhanaHomes","Luxury made simple ✨ Transform your walls with TranQ Marble Sheets — waterproof, easy to install, and built for that 5-star finish 💎 Perfect for bathrooms, kitchens & living spaces. 🌐 𝗪𝗲𝗯𝘀𝗶𝘁𝗲 : alanyogroup.com ☎️ 𝗛𝗼𝘁𝗹𝗶𝗻𝗲 :+233531978362 📌📌𝗦𝗵𝗼𝘄𝗿𝗼𝗼𝗺 :Weija-Kasoa main road, opposite eddy’s pizza or phastor limited Sampa valley, Accra Ghana 🇬🇭. #TranQ #MarbleSheets #LuxuryHomes #InteriorDesign #GhanaHomes",,0,0,0,0,0,0,0,0,0,0,,image,2026-03-13T18:07:55.344675
53,0b8890a067ce8df856cb45a3be27d564,"Nano Black Double Sink | Full Set | GH₵1,350 🌐 𝗪𝗲𝗯𝘀𝗶𝘁𝗲 : alanyogroup.com ☎️ 𝗛𝗼𝘁𝗹𝗶𝗻𝗲 :+233531978362 📌📌𝗦𝗵𝗼𝘄𝗿𝗼𝗼𝗺 :Weija-Kasoa main road, opposite eddy’s pizza or phastor limited Sampa valley, Accra Ghana 🇬🇭. #TranQ #AlanyoGroup #KitchenSink #NanoBlackSink #HomeImprovementGhana #GhanaHomes #ModernKitchen #KitchenUpgrade","Nano Black Double Sink | Full Set | GH₵1,350 🌐 𝗪𝗲𝗯𝘀𝗶𝘁𝗲 : alanyogroup.com ☎️ 𝗛𝗼𝘁𝗹𝗶𝗻𝗲 :+233531978362 📌📌𝗦𝗵𝗼𝘄𝗿𝗼𝗼𝗺 :Weija-Kasoa main road, opposite eddy’s pizza or phastor limited Sampa valley, Accra Ghana 🇬🇭. #TranQ #AlanyoGroup #KitchenSink #NanoBlackSink #HomeImprovementGhana #GhanaHomes #ModernKitchen #KitchenUpgrade",,0,0,0,0,0,0,0,0,0,0,https://www.facebook.com/reel/2028037904642315/,image,2026-03-13T18:07:55.345128
54,2b12f08c5aa78eed2af273927f5d3f95,"Elevate your shower game with our Premium TranQ Shower Set . Experience luxury, style, and comfort every time you step in. 🌐 𝗪𝗲𝗯𝘀𝗶𝘁𝗲 : alanyogroup.com ☎️ 𝗛𝗼𝘁𝗹𝗶𝗻𝗲 :+233531978362 📌📌𝗦𝗵𝗼𝘄𝗿𝗼𝗼𝗺 :Weija-Kasoa main road, opposite eddy’s pizza. Sampa valley. #ShowerGoals #LuxuryLiving #HomeUpgrade #bathroom #blacksheriff #ghana #sanitarywares #twyford #trendingtiles #trendingtiles #twyfordtiles #basin #bathroom #tranQ #showerideas #shower","Elevate your shower game with our Premium TranQ Shower Set . Experience luxury, style, and comfort every time you step in. 🌐 𝗪𝗲𝗯𝘀𝗶𝘁𝗲 : alanyogroup.com ☎️ 𝗛𝗼𝘁𝗹𝗶𝗻𝗲 :+233531978362 📌📌𝗦𝗵𝗼𝘄𝗿𝗼𝗼𝗺 :Weija-Kasoa main road, opposite eddy’s pizza. Sampa valley. #ShowerGoals #LuxuryLiving #HomeUpgrade #bathroom #blacksheriff #ghana #sanitarywares #twyford #trendingtiles #trendingtiles #twyfordtiles #basin #bathroom #tranQ #showerideas #shower",,0,0,0,0,0,0,0,0,0,0,,image,2026-03-13T18:07:55.345580
55,ad693ca87c045b76c021a859ff999560,Visit us at Adenta-Dodowa road after Eddy's pizza #ankara #ghanafashion #casualstyle #accrafashion #bubu #wedding #accraweddings #ghanamomsinbusiness #ghanamoms #shortdress #ShortDressStyle,Visit us at Adenta-Dodowa road after Eddy's pizza #ankara #ghanafashion #casualstyle #accrafashion #bubu #wedding #accraweddings #ghanamomsinbusiness #ghanamoms #shortdress #ShortDressStyle,,0,0,0,0,0,0,0,0,0,0,,image,2026-03-13T18:07:55.346054
56,1065ba0482e0ab0373f521075b2516aa,"❗️❗️ READ THE PINNED MESSAGE ❗️❗️ Was 5,500GH Now 4,500GH 80cm Premium TranQ Vanity Cabinet Faucet + Nano basin included Clean. Strong. Luxury. Grab yours today! 🌐 𝗪𝗲𝗯𝘀𝗶𝘁𝗲: alanyogroup.com ☎️ 𝗛𝗼𝘁𝗹𝗶𝗻𝗲:+233531978362 📌📌𝗦𝗵𝗼𝘄𝗿𝗼𝗼𝗺: Weija-Kasoa main road, opposite Eddy’s Pizza or Phastor Limited, Sampa Valley, Accra, Ghana 🇬🇭. #BathroomVanityGhana #VanityCabinetPriceInGhana #BuyVanityCabinetInAccra #ModernBathroomGhana #AlanyoGroup","❗️❗️ READ THE PINNED MESSAGE ❗️❗️ Was 5,500GH Now 4,500GH 80cm Premium TranQ Vanity Cabinet Faucet + Nano basin included Clean. Strong. Luxury. Grab yours today! 🌐 𝗪𝗲𝗯𝘀𝗶𝘁𝗲: alanyogroup.com ☎️ 𝗛𝗼𝘁𝗹𝗶𝗻𝗲:+233531978362 📌📌𝗦𝗵𝗼𝘄𝗿𝗼𝗼𝗺: Weija-Kasoa main road, opposite Eddy’s Pizza or Phastor Limited, Sampa Valley, Accra, Ghana 🇬🇭. #BathroomVanityGhana #VanityCabinetPriceInGhana #BuyVanityCabinetInAccra #ModernBathroomGhana #AlanyoGroup",,0,0,0,0,0,0,0,0,0,0,https://www.facebook.com/reel/1447029340272769/,image,2026-03-13T18:07:55.346547
57,7efe18fc85860ad2cc594ce9e39b1b17,"Because your bathroom deserves the spotlight. 💎 🌐 𝗪𝗲𝗯𝘀𝗶𝘁𝗲 : alanyogroup.com ☎️ 𝗛𝗼𝘁𝗹𝗶𝗻𝗲 :+233531978362 📌📌𝗦𝗵𝗼𝘄𝗿𝗼𝗼𝗺 :Weija-Kasoa main road, opposite eddy’s pizza or phastor limited Sampa valley, Accra Ghana 🇬🇭. #TranQ #TranQVanity #LuxuryBathroom #BathroomGoals #VanityCabinet #BathroomDesign #HomeDecorGhana #InteriorDesign #BathroomInspo #ModernBathroom #AestheticBathroom #LuxuryLiving #MarbleDesign #BathroomStyle #AlanyoGroup #TranQBathroom #GhanaHomes #HomeLuxury #InteriorGoals #bathrooms","Because your bathroom deserves the spotlight. 💎 🌐 𝗪𝗲𝗯𝘀𝗶𝘁𝗲 : alanyogroup.com ☎️ 𝗛𝗼𝘁𝗹𝗶𝗻𝗲 :+233531978362 📌📌𝗦𝗵𝗼𝘄𝗿𝗼𝗼𝗺 :Weija-Kasoa main road, opposite eddy’s pizza or phastor limited Sampa valley, Accra Ghana 🇬🇭. #TranQ #TranQVanity #LuxuryBathroom #BathroomGoals #VanityCabinet #BathroomDesign #HomeDecorGhana #InteriorDesign #BathroomInspo #ModernBathroom #AestheticBathroom #LuxuryLiving #MarbleDesign #BathroomStyle #AlanyoGroup #TranQBathroom #GhanaHomes #HomeLuxury #InteriorGoals #bathrooms",,0,0,0,0,0,0,0,0,0,0,,image,2026-03-13T18:07:55.347503
58,e0b7b7abb39b624cbd7bd00fdf539143,"📽️📹🎥SUMMARY... WATCH THIS!🎉💞🥰💕🔥🎶 The 2009 YEAR GROUP had an official mini LINK UP on Monday, 23rd of September, 2019 ahead of their plans to have a mega 10years anniversary in the month of December, 2019... follow us for more updates. TELL ALL OLD STUDENTS TO LINK UP💞🔥 #BOSA #LinkUp #BOSA2009 #ReUnion #Greatness #BethelOldStudentsAssociation #BEPJUHIS Kfc Ghana Eddy's Pizza KFC - Kentucky Fried Chicken Accra Kfc Fast food Dansoman Eddy's Pizza","📽️📹🎥SUMMARY... WATCH THIS!🎉💞🥰💕🔥🎶 The 2009 YEAR GROUP had an official mini LINK UP on Monday, 23rd of September, 2019 ahead of their plans to have a mega 10years anniversary in the month of December, 2019... follow us for more updates. TELL ALL OLD STUDENTS TO LINK UP💞🔥 #BOSA #LinkUp #BOSA2009 #ReUnion #Greatness #BethelOldStudentsAssociation #BEPJUHIS Kfc Ghana Eddy's Pizza KFC - Kentucky Fried Chicken Accra Kfc Fast food Dansoman Eddy's Pizza",,0,0,0,0,0,0,0,0,0,0,,image,2026-03-13T18:07:55.348371
59,a67692e868049c2b435c994b994fdcad,"TranQ WC Designed for hygiene, durability, and powerful flushing. ✔ UF Seat Cover – strong, durable & scratch-resistant ✔ Nano Glazing – smooth surface that resists stains & germs ✔ Siphonic Flush System – powerful, quiet & water-efficient ✔ 5-Year Warranty – guaranteed quality you can trust Perfect for modern homes, hotels & luxury bathrooms. 💰 Promo Price: GH₵1,850 ☎️ 𝗛𝗼𝘁𝗹𝗶𝗻𝗲 :+233531978362 📌📌𝗦𝗵𝗼𝘄𝗿𝗼𝗼𝗺 :Weija-Kasoa main road, opposite eddy’s pizza or phastor limited Sampa valley, Accra Ghana 🇬🇭. #TranQWC #LuxuryBathroom #GhanaHomes #PremiumWC #BathroomUpgrade","TranQ WC Designed for hygiene, durability, and powerful flushing. ✔ UF Seat Cover – strong, durable & scratch-resistant ✔ Nano Glazing – smooth surface that resists stains & germs ✔ Siphonic Flush System – powerful, quiet & water-efficient ✔ 5-Year Warranty – guaranteed quality you can trust Perfect for modern homes, hotels & luxury bathrooms. 💰 Promo Price: GH₵1,850 ☎️ 𝗛𝗼𝘁𝗹𝗶𝗻𝗲 :+233531978362 📌📌𝗦𝗵𝗼𝘄𝗿𝗼𝗼𝗺 :Weija-Kasoa main road, opposite eddy’s pizza or phastor limited Sampa valley, Accra Ghana 🇬🇭. #TranQWC #LuxuryBathroom #GhanaHomes #PremiumWC #BathroomUpgrade",,0,0,0,0,0,0,0,0,0,0,https://www.facebook.com/reel/2864702137216135/,image,2026-03-13T18:07:55.350438
60,c943cb3db0c2e5aa01cbc6247ce16ef5,Teshie well done 👏 Thank you all Ghandour Cosmetics Ltd Eddy's Pizza ROCK ENERGY DRINK - GHANA Gasmilla Clemento Suarez,Teshie well done 👏 Thank you all Ghandour Cosmetics Ltd Eddy's Pizza ROCK ENERGY DRINK - GHANA Gasmilla Clemento Suarez,,0,0,0,0,0,0,0,0,0,0,,image,2026-03-13T18:07:55.351206
61,e77969abeb9f927c4fae6a17e69672f9,"STOP Overpaying for Bathroom Cabinets! ❌ Get Premium Vanity Cabinets at promo prices starting from just 1,650 Cedis . High-end quality. Elegant finishing. Durable materials. Prices range up to 4,000 GH₵ depending on size & design. Affordable luxury is here — and it will last forever. Message us today! 🌐 𝗪𝗲𝗯𝘀𝗶𝘁𝗲 : alanyogroup.com ☎️ 𝗛𝗼𝘁𝗹𝗶𝗻𝗲 :+233531978362 📌📌𝗦𝗵𝗼𝘄𝗿𝗼𝗼𝗺 :Weija-Kasoa main road, opposite eddy’s pizza or phastor limited Sampa valley, Accra Ghana 🇬🇭. #BathroomGoals #VanityDeal #HomeImprovement #AlanyoGroup #QualityMatters #alanyogroup","STOP Overpaying for Bathroom Cabinets! ❌ Get Premium Vanity Cabinets at promo prices starting from just 1,650 Cedis . High-end quality. Elegant finishing. Durable materials. Prices range up to 4,000 GH₵ depending on size & design. Affordable luxury is here — and it will last forever. Message us today! 🌐 𝗪𝗲𝗯𝘀𝗶𝘁𝗲 : alanyogroup.com ☎️ 𝗛𝗼𝘁𝗹𝗶𝗻𝗲 :+233531978362 📌📌𝗦𝗵𝗼𝘄𝗿𝗼𝗼𝗺 :Weija-Kasoa main road, opposite eddy’s pizza or phastor limited Sampa valley, Accra Ghana 🇬🇭. #BathroomGoals #VanityDeal #HomeImprovement #AlanyoGroup #QualityMatters #alanyogroup",,0,0,0,0,0,0,0,0,0,0,https://www.facebook.com/reel/991260200739964/,image,2026-03-13T18:07:55.351864
62,5c5d40e00050b74371b4ab382cf26fc8,"Luxury Marble Basin Promo ✨ Now selling at 5,000GH₵ ✔️ 100cm Marble Basin ✔️ LED Mirror ✔️ Quality Faucet Give your bathroom a modern luxury touch at a promo price. 📍 Visit Alanyo Group showroom today. 🌐 𝗪𝗲𝗯𝘀𝗶𝘁𝗲 : alanyogroup.com ☎️ 𝗛𝗼𝘁𝗹𝗶𝗻𝗲 :+233531978362 📌📌𝗦𝗵𝗼𝘄𝗿𝗼𝗼𝗺 :Weija-Kasoa main road, opposite eddy’s pizza or phastor limited Sampa valley, Accra Ghana 🇬🇭. #AlanyoGroup #BathroomGoals #MarbleBasin #AccraBusiness #HomeUpgrade #PromoDeal","Luxury Marble Basin Promo ✨ Now selling at 5,000GH₵ ✔️ 100cm Marble Basin ✔️ LED Mirror ✔️ Quality Faucet Give your bathroom a modern luxury touch at a promo price. 📍 Visit Alanyo Group showroom today. 🌐 𝗪𝗲𝗯𝘀𝗶𝘁𝗲 : alanyogroup.com ☎️ 𝗛𝗼𝘁𝗹𝗶𝗻𝗲 :+233531978362 📌📌𝗦𝗵𝗼𝘄𝗿𝗼𝗼𝗺 :Weija-Kasoa main road, opposite eddy’s pizza or phastor limited Sampa valley, Accra Ghana 🇬🇭. #AlanyoGroup #BathroomGoals #MarbleBasin #AccraBusiness #HomeUpgrade #PromoDeal",,0,0,0,0,0,0,0,0,0,0,,image,2026-03-13T18:07:55.352629
63,e4e73e84c3183f997c8f2a6c35bcf69e,"Premium Marble Vanity Cabinets — designed to give your space a modern, luxurious finish. 💎 Prices range from ₵3,650 to ₵6,500 (Depending on size & design) ✔️ High-quality marble top ✔️ Strong, durable cabinet body ✔️ Modern & elegant designs ✔️ Perfect for homes, apartments & projects Don’t settle for ordinary. Choose quality. Choose class. 🌐 𝗪𝗲𝗯𝘀𝗶𝘁𝗲 : alanyogroup.com ☎️ 𝗛𝗼𝘁𝗹𝗶𝗻𝗲 :+233531978362 📌📌𝗦𝗵𝗼𝘄𝗿𝗼𝗼𝗺 :Weija-Kasoa main road, opposite eddy’s pizza or phastor limited Sampa valley, Accra Ghana 🇬🇭. #AlanyoGroup #MarbleVanity #BathroomLuxury #HomeUpgrade #GhanaHomes #BathroomDesign #ModernBathroom #QualityFinishes #BuildingInGhana #LuxuryLivingGH","Premium Marble Vanity Cabinets — designed to give your space a modern, luxurious finish. 💎 Prices range from ₵3,650 to ₵6,500 (Depending on size & design) ✔️ High-quality marble top ✔️ Strong, durable cabinet body ✔️ Modern & elegant designs ✔️ Perfect for homes, apartments & projects Don’t settle for ordinary. Choose quality. Choose class. 🌐 𝗪𝗲𝗯𝘀𝗶𝘁𝗲 : alanyogroup.com ☎️ 𝗛𝗼𝘁𝗹𝗶𝗻𝗲 :+233531978362 📌📌𝗦𝗵𝗼𝘄𝗿𝗼𝗼𝗺 :Weija-Kasoa main road, opposite eddy’s pizza or phastor limited Sampa valley, Accra Ghana 🇬🇭. #AlanyoGroup #MarbleVanity #BathroomLuxury #HomeUpgrade #GhanaHomes #BathroomDesign #ModernBathroom #QualityFinishes #BuildingInGhana #LuxuryLivingGH",,0,0,0,0,0,0,0,0,0,0,https://www.facebook.com/reel/1560576441905755/,image,2026-03-13T18:07:55.353259
64,4e2e0760ca2aa208f9509b200792d4ab,"TranQ Nano Glazing WC is designed for durability, comfort, and silent performance. ✅ Nano Glazing – Stain Resistant & Easy to Clean ✅ UF Seat Cover – Strong & Long Lasting ✅ Soft Close – No More Slamming ✅ High-Quality Inner System ✅ Silent Flush Technology ✅ 1 Year Warranty 💰 Now Selling: ₵1,450 ₵1,750 Affordable luxury for your modern bathroom. Get yours today before stock runs out! 🌐 𝗪𝗲𝗯𝘀𝗶𝘁𝗲 : alanyogroup.com ☎️ 𝗛𝗼𝘁𝗹𝗶𝗻𝗲 :+233531978362 📌📌𝗦𝗵𝗼𝘄𝗿𝗼𝗼𝗺 :Weija-Kasoa main road, opposite eddy’s pizza or phastor limited Sampa valley, Accra Ghana 🇬🇭. #TranQ #NanoGlazingWC #BathroomUpgrade #AlanyoGroup #QualitySanitaryWare","TranQ Nano Glazing WC is designed for durability, comfort, and silent performance. ✅ Nano Glazing – Stain Resistant & Easy to Clean ✅ UF Seat Cover – Strong & Long Lasting ✅ Soft Close – No More Slamming ✅ High-Quality Inner System ✅ Silent Flush Technology ✅ 1 Year Warranty 💰 Now Selling: ₵1,450 ₵1,750 Affordable luxury for your modern bathroom. Get yours today before stock runs out! 🌐 𝗪𝗲𝗯𝘀𝗶𝘁𝗲 : alanyogroup.com ☎️ 𝗛𝗼𝘁𝗹𝗶𝗻𝗲 :+233531978362 📌📌𝗦𝗵𝗼𝘄𝗿𝗼𝗼𝗺 :Weija-Kasoa main road, opposite eddy’s pizza or phastor limited Sampa valley, Accra Ghana 🇬🇭. #TranQ #NanoGlazingWC #BathroomUpgrade #AlanyoGroup #QualitySanitaryWare",,0,0,0,0,0,0,0,0,0,0,https://www.facebook.com/reel/882095997945365/,image,2026-03-13T18:07:55.354023
65,2864e7af8e0baca382d9f89e6d28766f,"🔥 PRICE DROP ALERT! 🔥 TRANQ Premium Nano Handmade Kitchen Sink Built with Original SUS304 Stainless Steel ₵𝟯,𝟯𝟬𝟬 ❌ 💰 𝗡𝗢𝗪: ₵𝟮,𝟲𝟲𝟬 🔥 Upgrade to a stronger, thicker & luxury kitchen sink designed for heavy daily use. ✔ Original SUS304 stainless steel ✔ Nano coating – anti-scratch & easy to clean ✔ Handmade heavy-duty build ✔ Luxury black finish for modern kitchens ✔ Multi-functional – wash, rinse & drain 📐 SIZE: 1000 × 460 × 220 mm 🚚 Nationwide delivery available 🌐 𝗪𝗲𝗯𝘀𝗶𝘁𝗲 : alanyogroup.com ☎️ 𝗛𝗼𝘁𝗹𝗶𝗻𝗲 :+233531978362 📌📌𝗦𝗵𝗼𝘄𝗿𝗼𝗼𝗺 :Weija-Kasoa main road, opposite eddy’s pizza or phastor limited Sampa valley, Accra Ghana 🇬🇭. #SUS304 #NanoKitchenSink #HandmadeSink #LuxuryKitchenGhana #ModernKitchen #PremiumKitchen #KitchenUpgrade #HomeImprovementGhana #InteriorDesignGhana #StainlessSteelSink #SmartKitchen #GhanaHomes","🔥 PRICE DROP ALERT! 🔥 TRANQ Premium Nano Handmade Kitchen Sink Built with Original SUS304 Stainless Steel ₵𝟯,𝟯𝟬𝟬 ❌ 💰 𝗡𝗢𝗪: ₵𝟮,𝟲𝟲𝟬 🔥 Upgrade to a stronger, thicker & luxury kitchen sink designed for heavy daily use. ✔ Original SUS304 stainless steel ✔ Nano coating – anti-scratch & easy to clean ✔ Handmade heavy-duty build ✔ Luxury black finish for modern kitchens ✔ Multi-functional – wash, rinse & drain 📐 SIZE: 1000 × 460 × 220 mm 🚚 Nationwide delivery available 🌐 𝗪𝗲𝗯𝘀𝗶𝘁𝗲 : alanyogroup.com ☎️ 𝗛𝗼𝘁𝗹𝗶𝗻𝗲 :+233531978362 📌📌𝗦𝗵𝗼𝘄𝗿𝗼𝗼𝗺 :Weija-Kasoa main road, opposite eddy’s pizza or phastor limited Sampa valley, Accra Ghana 🇬🇭. #SUS304 #NanoKitchenSink #HandmadeSink #LuxuryKitchenGhana #ModernKitchen #PremiumKitchen #KitchenUpgrade #HomeImprovementGhana #InteriorDesignGhana #StainlessSteelSink #SmartKitchen #GhanaHomes",,0,0,0,0,0,0,0,0,0,0,https://www.facebook.com/reel/1427519148991788/,image,2026-03-13T18:07:55.354554
